name,k,hit_rate,mean_avg_prec,ndcg
Memory-Based Collaborative Filtering,1,0.6413918462736952,0.6413918462736952,0.0
Memory-Based Collaborative Filtering,5,0.8966502207218904,0.4905479096338613,0.7673322043914269
Memory-Based Collaborative Filtering,10,0.9524798753570501,0.40714965809746384,0.7638059473573507
Memory-Based Collaborative Filtering,20,0.9776681381459361,0.3458119027335499,0.7448197602347678
