name,k,hit_rate,mean_avg_prec,ndcg
Llama-3.1 Recommendations,1,0.27784990911451574,0.27784990911451574,0.0
Llama-3.1 Recommendations,5,0.4502726564528694,0.15497273435471304,0.32582727504524306
Llama-3.1 Recommendations,10,0.47572059205401196,0.12921319137886264,0.306082723810906
Llama-3.1 Recommendations,20,0.48896390547909635,0.11313625533582072,0.2878869732765312
