appid,score,temp
374320,0.5687616,0.5
374320,0.6040997,0.5
374320,0.5961203,0.5
374320,0.56030416,0.5
374320,0.59888124,0.5
374320,0.5944458,0.5
374320,0.6040997,0.5
374320,0.6040997,0.5
374320,0.57673025,0.5
374320,0.59936225,0.5
