appid,score,temp
374320,0.5745641,0
374320,0.59270155,0
374320,0.58128893,0
374320,0.5286957,0
374320,0.58128893,0
374320,0.56068105,0
374320,0.57899797,0
374320,0.584586,0
374320,0.5150687,0
374320,0.5896109,0
