appid,score,temp
374320,0.57988954,1
374320,0.59685606,1
374320,0.5780859,1
374320,0.60509574,1
374320,0.5839038,1
374320,0.5682809,1
374320,0.56732094,1
374320,0.59228545,1
374320,0.51866883,1
374320,0.58557296,1
